IdAutore,Autore
1,Nilla Pizzi
2,Nilla Pizzi e Achille Togliani
3,Achille Togliani
4,Achille Togliani e Duo Fasano
5,Duo Fasano
6,Nilla Pizzi e Duo Fasano
7,Oscar Carboni
8,Gino Latilla
9,Carla Boni e Flo Sandon's
10,Nilla Pizzi e Doppio Quintetto Vocale e Teddy Reno e Quartetto Stars
11,Achille Togliani e Teddy Reno
12,Gino Latilla e Doppio Quintetto Vocale e Giorgio Consolini
13,Gino Latilla e Giorgio Consolini
14,Achille Togliani e Katyna Ranieri
15,Carla Boni e Quartetto Stars
16,Carla Boni e Katyna Ranieri
17,Nilla Pizzi e Teddy Reno
18,Katyna Ranieri e Achille Togliani
19,Gino Latilla e Teddy Reno
20,Achille Togliani e Giorgio Consolini
21,Nilla Pizzi e Flo Sandon's
22,Giorgio Consolini e Gino Latilla
23,Gino Latilla e Franco Ricci
24,Natalino Otto e Vittoria Mongardi
25,Flo Sandon's e Carla Boni
26,Quartetto Cetra e Vittoria Mongardi e Duo Fasano
27,Gino Latilla e Duo Fasano e Katyna Ranieri e Giorgio Consolini
28,Achille Togliani e Natalino Otto
29,Achille Togliani e Flo Sandon's e Natalino Otto
30,Vittoria Mongardi e Flo Sandon's
31,Carla Boni Gino Latilla e Duo Fasano e Quartetto Cetra
32,Carla Boni e Duo Fasano e Giorgio Consolini
33,Gino Latilla e Duo Fasano e Quartetto Cetra
34,Carla Boni e Duo Fasano e Quartetto Cetra
35,Achille Togliani e Gianni Ravera
36,Duo Fasano e Gino Latilla e Quartetto Cetra
37,Katyna Ranieri e Vittoria Mongardi
38,Carla Boni e Quartetto Cetra
39,Gino Latilla e Natalino Otto
40,Claudio Villa e Tullio Pane
41,Natalino Otto e Trio Aurora e Bruno Pallesi Nuccia Bongiovanni e Radio Boys
42,Claudio Villa e Narciso Parigi
43,Antonio Basurto e Gianni Ravera
44,Jula de Palma e Marisa Colomber
45,Narciso Parigi e Radio Boys e Natalino Otto e Trio Aurora
46,Natalino Otto e Antonio Basurto
47,Jula de Palma e Antonio Basurto
48,Bruno Pallesi e Jula de Palma
49,Clara Jaione e Radio Boys e Nella Colombo Bruno Rosettani e Trio Aurora
50,Natalino Otto e Nuccia Bongiovanni e Radio Boys
51,Bruno Pallesi e Nuccia Bongiovanni e Bruno Rosettani Nella Colombo e Trio Aurora
52,Gianni Ravera e Tullio Pane
53,Bruno Rosettani e Trio Aurora e Clara Jaione e Radio Boys
54,Franca Raimondi
55,Tonina Torrielli
56,Luciana Gonzales
57,Ugo Molinari
58,Gianni Marzocchi
59,Gianni Marzocchi e Clara Vincenzi
60,Clara Vincenzi
61,Gianni Marzocchi e Franca Raimondi
62,Franca Raimondi e Clara Vincenzi
63,Claudio Villa e Nunzio Gallo
64,Claudio Villa e Giorgio Consolini
65,Gino Latilla e Tonina Torrielli
66,Carla Boni Gino Latilla e Duo Fasano e Gloria Christian e Poker di Voci
67,Claudio Villa e Gino Latilla e Natalino Otto e Poker di Voci
68,Tina Allori e Tonina Torrielli
69,Carla Boni e Nunzio Gallo
70,Gino Baldi e Duo Fasano e Natalino Otto e Poker di Voci
71,Carla Boni e Duo Fasano e Gloria Christian Natalino Otto e Poker di Voci
72,Gino Latilla e Luciano Virgili
73,Tina Allori e Flo Sandon's
74,Fiorella Bini e Flo Sandon's
75,Gino Baldi e Luciano Virgili
76,Gino Baldi e Jula de Palma
77,Gino Latilla e Nunzio Gallo
78,Fiorella Bini e Duo Fasano e Jula de Palma e Poker di Voci
79,Gianni Ravera e Natalino Otto
80,Carla Boni e Jula de Palma
81,Domenico Modugno e Johnny Dorelli
82,Nilla Pizzi e Tonina Torrielli
83,Gino Latilla e Nilla Pizzi
84,Claudio Villa e Nilla Pizzi
85,Carla Boni e Gino Latilla e Aurelio Fierro e Gloria Christian
86,Claudio Villa e Duo Fasano e Aurelio Fierro e Trio Joyce
87,Natalino Otto e Carla Boni e Gino Latilla
88,Tonina Torrielli e Cristina Jorio
89,Johnny Dorelli e Natalino Otto
90,Carla Boni e Giorgio Consolini
91,Claudio Villa e Gino Latilla e Gloria Christian
92,Marisa Del Frate e Giorgio Consolini
93,Marisa Del Frate e Gloria Christian
94,Duo Fasano e Tonina Torrielli e Aurelio Fierro e Trio Joyce
95,Carla Boni e Cristina Jorio
96,Nilla Pizzi e Aurelio Fierro e Claudio Villa e Duo Fasano
97,Tonina Torrielli e Duo Fasano e Trio Joyce
98,Johnny Dorelli e Giorgio Consolini
99,Arturo Testa e Gino Latilla
100,Teddy Reno e Achille Togliani
101,Jula de Palma e Tonina Torrielli
102,Teddy Reno e Aurelio Fierro
103,Fausto Cigliano e Nilla Pizzi
104,Natalino Otto e Aurelio Fierro
105,Betty Curtis e Wilma De Angelis
106,Johnny Dorelli e Betty Curtis e Gino Latilla e Claudio Villa
107,Claudio Villa e Betty Curtis
108,Tonina Torrielli e Nilla Pizzi
109,Anna D'Amico e Natalino Otto
110,Natalino Otto e Gino Latilla
111,Jula de Palma e Miranda Martino
112,Arturo Testa e Fausto Cigliano
113,Claudio Villa e Johnny Dorelli
114,Wilma De Angelis e Jula de Palma
115,Achille Togliani e Arturo Testa
116,Tony Dallara e Renato Rascel
117,Domenico Modugno e Teddy Reno
118,Wilma De Angelis e Joe Sentieri
119,Joe Sentieri e Sergio Bruni
120,Giorgio Consolini e Sergio Bruni
121,Jula de Palma e Tony Dallara
122,Teddy Reno e Mina
123,Fausto Cigliano e Irene D'Areni
124,Johnny Dorelli e Jula de Palma
125,Flo Sandon's e Gloria Christian
126,Johnny Dorelli e Betty Curtis
127,Germana Caroli e Arturo Testa
128,Gino Latilla e Miranda Martino
129,Mina e Betty Curtis
130,Tonina Torrielli e Arturo Testa
131,Achille Togliani e Nilla Pizzi
132,Wilma De Angelis e Gloria Christian
133,Betty Curtis e Luciano Tajoli
134,Adriano Celentano e Little Tony
135,Milva e Gino Latilla
136,Mina e Nelly Fioramonti
137,Mina e Jenny Luna
138,Pino Donaggio e Teddy Reno
139,Arturo Testa e Tonina Torrielli
140,Teddy Reno e Sergio Bruni
141,Sergio Bruni e Rocco Granata
142,Gino Paoli e Tony Dallara
143,Umberto Bindi e Miranda Martino
144,Joe Sentieri e Fausto Cigliano
145,Bruno Martino e Jula de Palma
146,Giorgio Gaber e Maria Monti
147,Luciano Rondinella e Edoardo Vianello
148,Miranda Martino e Jimmy Fontana
149,Joe Sentieri e Betty Curtis
150,Claudio Villa e Sergio Renda
151,Aura D'Angelo e Silvia Guidi
152,Gianni Meccia e Wilma De Angelis
153,Tony Renis e Niki Davis
154,Cocky Mazzetti e Achille Togliani
155,Carla Boni e Aurelio Fierro
156,Nadia Liani e Jolanda Rossin
157,Domenico Modugno e Claudio Villa
158,Sergio Bruni e Milva
159,Sergio Bruni e Ernesto Bonino
160,Tony Renis e Emilio Pericoli
161,Milva e Miriam Del Mare
162,Gino Bramieri e Aurelio Fierro
163,Arturo Testa e Jolanda Rossin
164,Joe Sentieri e Aurelio Fierro
165,Tonina Torrielli e Nelly Fioramonti
166,Flo Sandon's e Mario D'Alba
167,Nunzio Gallo e Rocco Montana
168,Silvia Guidi e Jenny Luna
169,Fausto Cigliano e Jenny Luna
170,Rossana e Gian Costello
171,Wanda Romanelli e Nelly Fioramonti
172,Wilma De Angelis e Tanya
173,Luciano Tajoli e Betty Curtis
174,Gesy Sebena e Giacomo Rondinella
175,Gene Colonnello e Gloria Christian
176,Corrado Lojacono e Luciano Tajoli
177,Johnny Dorelli e Gloria Christian
178,Nunzio Gallo e Bruna Lelli
179,Wilma De Angelis e Lucia Altieri
180,Pierfilippi e Cocky Mazzetti
181,Gino Bramieri e Rocco Torrebruno
182,Flo Sandon's e Edda Montanari
183,Aura D'Angelo e Claudio Villa
184,Cocky Mazzetti e Joe Sentieri
185,Mario Abbate e Fausto Cigliano
186,Narciso Parigi e Giorgio Consolini
187,Claudio Villa e Eugenia Foligatti
188,Pino Donaggio e Cocky Mazzetti
189,Wilma De Angelis e Johnny Dorelli
190,Milva e Luciano Tajoli
191,Tonina Torrielli e Eugenia Foligatti
192,Aurelio Fierro e Claudio Villa
193,Emilio Pericoli e Sergio Bruni
194,Aura D'Angelo e Arturo Testa
195,Milva e Gianni Lacommare
196,Gianni Lacommare e Tonina Torrielli
197,Joe Sentieri e Johnny Dorelli
198,Ennio Sangiusto e Quartetto Radar
199,Ennio Sangiusto e Luciano Tajoli
200,Mario Abbate e Quartetto Radar
201,Tony Renis e Cocky Mazzetti
202,Arturo Testa e Joe Sentieri
203,Wilma De Angelis e Flo Sandon's
204,Aurelio Fierro e Sergio Bruni
205,Mario Abbate e Flo Sandon's
206,Gigliola Cinquetti e Patricia Carli
207,Domenico Modugno e Frankie Laine
208,Tony Dallara e Ben E. King
209,Gino Paoli e Antonio Prieto
210,Fabrizio Ferretti e Gil Fields e The Fraternity Brothers
211,Pino Donaggio e Frankie Avalon
212,Roby Ferrante e Paul Anka
213,Little Tony e Gene Pitney
214,Bruno Filippini e Gil Fields e The Fraternity Brothers
215,Remo Germani e Nino Tempo e April Stevens
216,Robertino e Bobby Rydell
217,Bobby Solo e Frankie Laine
218,Giorgio Gaber e Patricia Carli
219,Fausto Cigliano e Gene Pitney
220,Tony Renis e Frankie Avalon
221,Piero Focaccia e Bobby Rydell
222,Milva e Frida Boccara
223,Cocky Mazzetti e Los Hermanos Rigual
224,Claudio Villa e Peggy March
225,Emilio Pericoli e Peter Kraus
226,Aurelio Fierro e Marina Moran
227,Laura Villa e Los Hermanos Rigual
228,Lilly Bonato e Richard Moser jr.
229,Nicola Arigliano e Peter Kraus
230,Bobby Solo e The New Christy Minstrels
231,Ornella Vanoni e Udo J rgens
232,Nicola Di Bari e Gene Pitney
233,Fred Bongusto e Kiki Dee
234,Gigliola Cinquetti e Connie Francis
235,Betty Curtis e Petula Clark
236,Pino Donaggio e Jody Miller
237,Bruno Filippini e Yukari Ito
238,Wilma Goich e The New Christy Minstrels
239,Remo Germani e Le Amiche e Audrey
240,Vittorio Inzaina e Les Surfs
241,Milva e Bernd Spier
242,John Foster e Joe Damiano
243,Ricky Gianco e Jody Miller
244,Gianni Mascolo e Dusty Springfield
245,Don Miko e Timi Yuro
246,Iva Zanicchi e Gene Pitney
247,Bruno Lauzi e Kenny Rankin
248,Giordano Colombo e Hoagy Lands
249,Beppe Cardile e Anita Harris
250,Robertino e Danyel G rard
251,Franco Tozzi e Johnny Tillotson
252,Peppino Gagliardi e Timi Yuro
253,Fabrizio Ferretti e Dusty Springfield
254,Domenico Modugno e Gigliola Cinquetti
255,Caterina Caselli e Gene Pitney
256,Wilma Goich e Les Surfs
257,Pino Donaggio e Claudio Villa
258,Anna Identici e The New Christy Minstrels
259,Orietta Berti e Ornella Vanoni
260,Giorgio Gaber e Pat Boone
261,Edoardo Vianello e Fran oise Hardy
262,Sergio Endrigo e Chad & Jeremy
263,Milva e Richard Anthony
264,Peppino Gagliardi e Pat Boone
265,Remo Germani e Les Surfs
266,Iva Zanicchi e Vic Dana
267,I Ribelli e The New Christy Minstrels
268,Luciana Turina e Gino
269,Adriano Celentano e Trio del Clan
270,Franco Tozzi e Bobby Vinton
271,Anna Marchetti e Plinio Maggi
272,Gino Paoli e Ricardo
273,Lucio Dalla e The Yardbirds
274,Giuseppe Di Stefano e P. J. Proby
275,Luciano Tomei e Luis Alberto del Paran  e Los Paraguayos
276,Bobby Solo e The Yardbirds
277,John Foster e Paola Bertoni
278,Equipe 84 e The Renegades
279,Claudio Villa e Iva Zanicchi
280,Annarita Spinaci e Les Surfs
281,I Giganti e The Bachelors
282,Ornella Vanoni e Mario Guarnera
283,Orietta Berti e Les Compagnons de la Chanson
284,Lucio Dalla e The Rokes
285,Sergio Endrigo e Memo Remigi
286,Gian Pieretti e Antoine
287,Johnny Dorelli e Don Backy
288,Little Tony e Mario Zelinotti
289,Pino Donaggio e Carmen Villani
290,Wilma Goich e The Bachelors
291,Giorgio Gaber e Remo Germani
292,Gianni Pettenati e Gene Pitney
293,Bobby Solo e Connie Francis
294,Riki Maiocchi e Marianne Faithfull
295,Luigi Tenco e Dalida
296,Peppino Di Capri e Dionne Warwick
297,Roberta Amadei e Carmelo Pagano
298,Tony Del Monaco e Betty Curtis
299,Fred Bongusto e Anna German
300,Caterina Caselli e Sonny Bono e Cher
301,Nico Fidenco e Cher
302,Jimmy Fontana e Edoardo Vianello
303,Mino Reitano e The Hollies
304,Los Marcellos Ferial e The Happenings
305,Domenico Modugno e Gidiuli
306,Donatella Moretti e Bobby Goldsboro
307,Milva e Los Bravos
308,Sergio Endrigo e Roberto Carlos
309,Ornella Vanoni e Marisa Sannia
310,Adriano Celentano e Milva
311,Fausto Leali e Wilson Pickett
312,Antoine e Gianni Pettenati
313,Anna Identici e The Sandpipers
314,Massimo Ranieri e I Giganti
315,Gigliola Cinquetti e Giuliana Valci
316,Al Bano e Bobbie Gentry
317,Little Tony e Mario Guarnera
318,Wilma Goich e Dino
319,Annarita Spinaci e Yoko Kishi
320,Louis Armstrong e Lara Saint Paul
321,Tony Del Monaco e Dionne Warwick
322,Peppino Gagliardi e Eartha Kitt
323,Tony Renis e Domenico Modugno
324,Nino Ferrer e Pilade
325,Johnny Dorelli e Paul Anka
326,Elio Gandolfi e Shirley Bassey
327,The Rokes e The Cowsills
328,Pino Donaggio e Timi Yuro
329,Giusy Romeo e Sacha Distel
330,Iva Zanicchi e Udo J rgens
331,Orietta Berti e Piergiorgio Farina
332,Bobby Solo e Iva Zanicchi
333,Sergio Endrigo e Mary Hopkin
334,Don Backy e Milva
335,Fausto Leali e Tony Del Monaco
336,Nada e The Rokes
337,Gigliola Cinquetti e France Gall
338,Mal e The Showmen
339,Caterina Caselli e Johnny Dorelli
340,Lucio Battisti e Wilson Pickett
341,Orietta Berti e Massimo Ranieri
342,Carmen Villani e Alessandra Casaccia
343,Rita Pavone e Dik Dik
344,Riccardo Del Turco e Antoine
345,Junior Magli e The Casuals
346,Wilma Goich e The Sweet Inspirations
347,Checco e Elio Gandolfi
348,Rosanna Fratello e Brenton Wood
349,New Trolls e Leonardo
350,Robertino e Rocky Roberts
351,Mino Reitano e Claudio Villa
352,Armando Savini e Sonia
353,Gabriella Ferri e Stevie Wonder
354,Memo Remigi e Isabella Iannetti
355,Adriano Celentano e Claudia Mori
356,Nicola Di Bari e Ricchi e Poveri
357,Sergio Endrigo e Iva Zanicchi
358,Ornella Vanoni e Camaleonti
359,Patty Pravo e Little Tony
360,Gigliola Cinquetti e Bobby Solo
361,Rosalino Cellamare e Nada
362,Antoine e Anna Identici
363,Orietta Berti e Mario Tessuto
364,Luciano Tajoli e Mal
365,Gianni Nazzaro e Marisa Sannia
366,Fausto Leali e Carmen Villani
367,Tony Renis e Sergio Leonardi
368,Nino Ferrer e Caterina Caselli
369,Rocky Roberts e Il Supergruppo
370,Rita Pavone e Valeria Mongardini
371,Ragazzi della via Gluck e Paolo Mengoli
372,Pino Donaggio e Sandie Shaw
373,Rosanna Fratello e I Domodossola
374,Donatello e Dik Dik
375,Michele e Lucia Rizzi
376,Emiliana Perina e Gens
377,Renato Rascel e Pio
378,Rossano e Dori Ghezzi
379,Francesco Banti e Dino Drusiani
380,Claudio Villa e Tony Del Monaco
381,Nada e Nicola Di Bari
382,Ricchi e Poveri e Jos  Feliciano
383,Lucio Dalla e Equipe 84
384,Donatello e Marisa Sannia
385,Adriano Celentano e Coro Alpino Milanese
386,Domenico Modugno e Carmen Villani
387,Don Backy e Gianni Nazzaro
388,Al Bano e Aguaviva
389,Gigliola Cinquetti e Ray Conniff
390,Caterina Caselli e Dik Dik
391,Pino Donaggio e Peppino Di Capri
392,Little Tony e Formula 3
393,Sergio Endrigo e New Trolls
394,Sergio Menegale e Wallace Collection
395,Rosanna Fratello e Nino Ferrer
396,Maurizio & Fabrizio e Protagonisti
397,Paolo Mengoli e Mark e Martha
398,I Giganti e Fabio Trioli
399,Jordan e i middle of the road e Gens
400,Edda Ollari e Lorenza Visconti
401,Nomadi e Mal
402,Pio e Mau Cristiani
403,Piero Focaccia e Mungo Jerry
404,Nicola Di Bari
405,Peppino Gagliardi
406,Nada
407,Gianni Morandi
408,Gianni Nazzaro
409,Delirium
410,Marcella Bella
411,Lucio Dalla
412,Gigliola Cinquetti
413,Donatello
414,Ricchi e Poveri
415,Milva
416,Lara Saint Paul
417,Domenico Modugno
418,Rita Pavone
419,Pino Donaggio
420,Aguaviva
421,Anna Identici
422,Michele
423,Carla Bissi
424,Fausto Leali
425,Marisa Sacchetto
426,Delia
427,Angelica
428,Tony Cucchiara
429,Bobby Solo
430,Roberto Carlos
431,I Nuovi Angeli
432,Peppino Di Capri
433,Gilda Giuliani
434,Wess e Dori Ghezzi
435,Roberto Vecchioni
436,Umberto Balsamo
437,Camaleonti
438,Memo Remigi
439,Alessandro
440,Lionello
441,Mocedades
442,Pop Tops
443,Jet
444,Bassano
445,Carmen Amato
446,Sergio Endrigo
447,Lolita
448,Christian De Sica
449,Alberto Feri
450,Junior Magli
451,Le Figlie del Vento
452,Drupi
453,Toni Santagata
454,Iva Zanicchi
455,Orietta Berti
456,Anna Melato
457,Emanuela Cortesi
458,I Domodossola
459,Les Charlots
460,Valentina Greco
461,Mouth & MacNeal
462,Al Bano
463,Mino Reitano
464,Rosanna Fratello
465,Little Tony
466,Middle of the Road
467,Kambiz
468,Donatella Rettore
469,Riccardo Fogli
470,Franco Simone
471,Orchestra Spettacolo Casadei
472,Paola Musiani
473,Antonella Bottazzi
474,Rossella
475,Sonia Gigliola Conti
476,Piero Focaccia
477,Gilda
478,Angela Luce
479,Laura
480,Franco e le Piccole Donne
481,Le Nuove Erbe
482,Nico dei Gabbiani
483,Eugenio Alberti
484,Gianni Migliardi
485,Piero Cotto
486,Stefania
487,Emy Cesaroni
488,Gabriella Sanna
489,Daniela
490,Eva 2000
491,JeaneFran ois Michael
492,Annagloria
493,Antonella Bellan
494,Lorenzo Pilat
495,G.Men
496,Kriss and Saratoga
497,La Quinta Faccia
498,Paola Folzini
499,Goffredo Canarini
500,Le Volpi Blu
501,Leila Selli
502,Nannarella
503,Ely Neri e la sua orchestra
504,Sandro Giacobbe
505,Albatros
506,Paolo Frescura
507,Carlo Gigli
508,Daniel Sentacruz Ensemble
509,Gli Opera
510,La Strana Societ 
511,Ricchi e Poveri con I Nostri Figli
512,Patrizio Sandrelli
513,Miko
514,Profeti
515,La Nuova Gente
516,Santino Rocchetti
517,Gloriana
518,Antonio Buonomo
519,Leano Morelli
520,Romina Power
521,Maggie Mae
522,Armonium
523,Vanna Leali
524,Umberto Lupi
525,Ezio Maria Picciotta
526,Silvano Vittorio
527,Homo Sapiens
528,Collage
529,I Santo California
530,Umberto Napolitano
531,Daniela Davoli
532,Matia Bazar
533,Il Giardino dei Semplici
534,Anna Oxa
535,Rino Gaetano
536,Ciro Sebastianelli
537,Anselmo Genovese
538,Schola Cantorum
539,Laura Luca
540,Donato Ciletti
541,Roberto Carrino
542,Dora Moroni
543,Marco Ferradini
544,Beans
545,Mino Vergnaghi
546,Enzo Carella
547,I Camaleonti
548,Enrico Beruschi
549,Franco Fanigliulo
550,Lorella Pescerelli
551,Kim & The Cadillacs
552,Pandemonium
553,Antoine
554,Grimm
555,Marinella
556,Ayx
557,Nicoletta Bauce
558,Il  tait une Fois
559,Michele Vicino
560,Roberta
561,Massimo Abbate
562,Gianni Mocchetti
563,Toto Cutugno
564,Enzo Malepasso
565,Pupo
566,La Bottega dell'Arte
567,Sally Oldfield
568,Stefano Rosso
569,Leroy Gomez
570,Paolo Riviera
571,Decibel
572,Francesco Magni
573,Aldo Donati
574,Giorgio Zito e i Diesel
575,Linda Lee
576,Bruno D'Andrea
577,Orlando Johnson
578,Alberto Cheli
579,Omelet
580,Rimmel
581,Henry Freis
582,Mela Lo Cicero
583,Gianfranco De Angelis
584,Alberto Beltrami
585,Latte e Miele
586,Luca Cola
587,Coscarella e Polimeno
588,Alice
589,Loretta Goggi
590,Dario Baldan Bembo
591,Luca Barbarossa
592,Paolo Barabani
593,Michele Zarrillo
594,Marcella
595,Passengers
596,Eduardo De Crescenzo
597,Sterling SainteJacques
598,Fiorella Mannoia
599,Carmen & Thompson
600,Stefano Tosi
601,Gianni Bella
602,Sebastiano Occhino
603,J  Chiarello
604,Tom Hooker
605,Domenico Mattia
606,Franco Fasano
607,Al Bano e Romina Power
608,Giuseppe Cionfoli
609,Christian
610,Jimmy Fontana
611,Lene Lovich
612,Elisabetta Viviani
613,Mia Martini
614,Stefano Sani
615,Le Orme
616,Riccardo Del Turco
617,Plastic Bertrand
618,Milk & Coffee
619,Viola Valentino
620,Mal
621,Mario Castelnuovo
622,Roberto Soffici
623,Zucchero Fornaciari
624,Vasco Rossi
625,Rino Martinez
626,Marina Lai
627,Julie
628,Claudio Villa
629,Piero Cassano
630,Fiordaliso
631,Tiziana Rivale
632,Donatella Milani
633,Dori Ghezzi
634,Amii Stewart
635,Marco Armani
636,Giorgia Fiorio
637,Flavia Fortunato
638,Bert n Osborne
639,Riccardo Azzurri
640,Richard Sanderson
641,Zucchero
642,Barbara Boncompagni
643,Daniela Goggi
644,Pinot
645,Brunella Borciani
646,Patrizia Danzi
647,Nino Buonocore
648,Sibilla
649,Alessio Colombini
650,Manuele Pepe
651,Amedeo Minghi
652,Patty Pravo
653,Gruppo Italiano
654,Marisa Sannia
655,Alberto Camerini
656,Garbo
657,Enrico Ruggeri
658,Stadio
659,Luis Miguel
660,Eros Ramazzotti
661,Banco del Mutuo Soccorso
662,Ivan Graziani
663,Eugenio Finardi
664,Mimmo Locasciulli
665,New Trolls
666,Zucchero Fornaciari & Randy Jackson Band
667,Renzo Arbore
668,Nino D'Angelo
669,Fred Bongusto
670,Loredana Bert 
671,Rettore
672,Mango
673,Righeira
674,Scialpi
675,Rossana Casale
676,Gianni Morandi Enrico Ruggeri e Umberto Tozzi
677,Lena Biolcati
678,Tony Esposito
679,Sergio Caputo
680,Massimo Ranieri
681,Fiordaliso con Claudio Cabrini
682,Raf
683,Francesco Nuti
684,Franco Califano
685,Figli di Bubba
686,Tullio De Piscopo
687,Ron
688,Denovo
689,Alan Sorrenti
690,Anna Oxa e Fausto Leali
691,Jovanotti
692,Francesco Salvi
693,Ornella Vanoni
694,Marisa Laurito
695,Gino Paoli
696,Renato Carosone
697,Enzo Jannacci
698,Gigi Sabani
699,Pooh
700,Amedeo Minghi e Mietta
701,Marcella e Gianni Bella
702,Caterina Caselli
703,Paola Turci
704,Grazia Di Michele
705,Eugenio Bennato e Tony Esposito
706,Riccardo Cocciante
707,Renato Zero
708,Marco Masini
709,Umberto Tozzi
710,Pierangelo Bertoli e Tazenda
711,Mietta
712,Jo Squillo e Sabrina Salerno
713,Ladri di Biciclette
714,Mariella Nava
715,Paolo Vallesi
716,Pierangelo Bertoli
717,Franco Fasano e Flavia Fortunato
718,Tazenda
719,Peppino di Capri e Pietra Montecorvino
720,Lina Sastri
721,Paolo Mengoli
722,Enzo Ghinazzi
723,Nuova Compagnia di Canto Popolare
724,Giorgio Faletti e Orietta Berti
725,Formula 3
726,Cristiano De Andr 
727,Rossana Casale e Grazia Di Michele
728,Mietta e Ragazzi di Via Meda
729,Biagio Antonacci
730,Francesca Alotta
731,Andrea Mingardi
732,Roberto Murolo
733,Loredana Bert  e Mia Martini
734,Jo Squillo
735,Ladri di Biciclette e Tony Esposito
736,Maurizio Vandelli Dik Dik e Camaleonti
737,Alessandro Canino
738,Aleandro Baldi
739,Giorgio Faletti
740,Laura Pausini
741,Gerardina Trovato
742,Enzo Jannacci e Paolo Rossi
743,Alessandro Bono
744,Claudia Mori
745,Carlo Marrale
746,Squadra Italia
747,Giorgia
748,Gianni Morandi e Barbara Cola
749,Ivana Spagna
750,Andrea Bocelli
751,Fiorello
752,Danilo Amerio
753,Lighea
754,883
755,Antonella Arancio
756,Lorella Cuccarini
757,Trio Melody
758,Sabina Guzzanti e La Riserva Indiana
759,Francesca Schiavo
760,Valeria Visconti
761,Gi  Di Tonno
762,Ron (con Tosca non accreditata)
763,Elio e le Storie Tese
764,Neri per Caso
765,Massimo Di Cataldo
766,Aleandro Baldi e Marco Guerzoni
767,Federico Salvatore
768,Rossella Marcone
769,Raffaella Cavalli
770,Gigi Finizio
771,Umberto Bindi e New Trolls
772,Dhamm
773,Mara
774,Fedele Boccassini
775,Jalisse
776,Syria
777,Silvia Salemi
778,O.R.O.
779,Nek
780,Tosca
781,Francesco Baccini
782,Dirotta su Cuba
783,Marina Rei
784,Cattivi Pensieri
785,Pitura Freska
786,Ragazzi Italiani
787,New Trolls e Greta
788,Alessandro Mara
789,Camilla
790,Carmen Consoli
791,Alessandro Errico
792,Leandro Barsotti
793,Maurizio Lauzi
794,Olivia
795,Adriana Ruocco
796,Petra Magoni
797,Annalisa Minetti
798,Antonella Ruggiero
799,Lisa
800,Mango e Zen ma
801,Luca Sepe
802,Niccol  Fabi
803,Alex Baroni
804,Spagna
805,Piccola Orchestra Avion Travel
806,Paola & Chiara
807,Enzo Gragnaniello con Ornella Vanoni
808,Daniele Silvestri
809,Gatto Panceri
810,Gianluca Grignani
811,Irene Grandi
812,Max Gazz 
813,Samuele Bersani
814,Gigi D'Alessio
815,Subsonica
816,Mariella Nava e Amedeo Minghi
817,Elisa
818,Jenny B
819,Alex Britti
820,Fabio Concato
821,Sottotono
822,Quintorigo
823,Bluvertigo
824,Alexia
825,Fausto Leali e Luisa Corna
826,Filippa Giordano
827,Francesco Renga
828,Gazosa
829,Alessandro Safina
830,Lollipop
831,Timoria
832,Sergio Cammariere
833,Enrico Ruggeri e Andrea Mir 
834,Giuni Russo
835,Cristiano De Andr 
836,Eiffel 65
837,Bobby Solo e Little Tony
838,Anna Tatangelo e Federico Strag 
839,Negrita
840,Mario Rosini
841,Linda
842,Paolo Meneguzzi
843,Bungaro
844,Massimo Modugno e Gipsy Kings
845,Stefano Picchi
846,Morris Albert e Mietta
847,Neffa
848,Mario Venuti
849,DJ Francesco
850,Simone Tomassini
851,DB Boulevard e Bill Wyman
852,Andrea Mingardi e The Blues Brothers Band
853,Omar Pedrini
854,Daniele Groff
855,Adriano Pappalardo
856,Veruska
857,Andr 
858,Danny Losito e Las Ketchup
859,Pacifico
860,Piotta
861,Toto Cutugno con Annalisa Minetti
862,Nicky Nicolai e Stefano Di Battista Jazz Quartet
863,Laura Bono
864,La Differenza
865,Veronica Ventavoli
866,Le Vibrazioni
867,Anna Tatangelo
868,DJ Francesco Band
869,Nicola Arigliano
870,Giovanna D'Angi
871,Max De Angelis
872,Equ
873,Velvet
874,Christian Lo Zito
875,Sabrina Guida
876,Mod 
877,Concido
878,Enrico Boccadoro
879,Negramaro
880,Povia
881,Nomadi
882,Riccardo Maffoni
883,Simone Cristicchi
884,Dolcenera
885,Zero Assoluto
886,Simona Bencini
887,Nicky Nicolai
888,I Ragazzi di Scampia con Gigi Finizio
889,Sugarfree
890,Monia Russo
891,L'Aura
892,Helena Hellwig
893,Tiziano Orecchio
894,Noa Carlo Fava & Solis String Quartet
895,Luca Dirisio
896,Andrea Ori
897,Ameba 4
898,Ivan Segreto
899,Mario Venuti e Arancia Sonora
900,Antonello
901,Deasonika
902,Virginio
903,Piero Mazzocchetti
904,Francesco con Roby Facchinetti
905,Amalia Gr 
906,Paolo Rossi
907,Johnny Dorelli
908,Leda Battisti
909,Gi  Di Tonno e Lola Ponce
910,Fabrizio Moro
911,Finley
912,Eugenio Bennato
913,Frankie hienrg mc
914,Tricarico
915,Tiromancino
916,Marco Carta
917,Sal Da Vinci
918,Alexia feat. Mario Lavezzi
919,Pupo Paolo Belli e Youssou N'Dour
920,Gemelli DiVersi
921,Nicky Nicolai e Stefano Di Battista
922,Afterhours
923,Valerio Scanu
924,Pupo ed Emanuele Filiberto con Luca Canonici
925,Marco Mengoni
926,Noemi
927,Malika Ayane
928,Irene Fornaciari feat. Nomadi
929,Arisa
930,Nino D'Angelo con Maria Nazionale
931,Sonohra
932,Mod  con Emma
933,Davide Van De Sfroos
934,Luca Madonia con Franco Battiato
935,La Crus
936,Nathalie
937,Luca Barbarossa e Raquel del Rosario
938,Giusy Ferreri
939,Max Pezzali
940,Emma
941,Gigi D'Alessio e Loredana Bert 
942,Pierdavide Carone e Lucio Dalla
943,Nina Zilli
944,Chiara Civello
945,Irene Fornaciari
946,Marlene Kuntz
947,Raphael Gualazzi
948,Chiara
949,Annalisa
950,Maria Nazionale
951,Marta sui Tubi
952,Simona Molinari con Peter Cincotti
953,Almamegretta
954,Raphael Gualazzi & The Bloody Beetroots
955,Renzo Rubino
956,Perturbazione
957,Francesco Sarcina
958,Giuliano Palma
959,Riccardo Sinigallia
960,Il Volo
961,Dear Jack
962,Lorenzo Fragola
963,Nesli
964,Bianca Atzei
965,Moreno
966,Grazia Di Michele e Mauro Coruzzi
967,Biggio e Mandelli
968,Lara Fabian
969,Francesca Michielin
970,Giovanni Caccamo e Deborah Iurato
971,Clementino
972,Rocco Hunt
973,Alessio Bernabei
974,Francesco Gabbani
975,Ermal Meta
976,Michele Bravi
977,Sergio Sylvestre
978,Elodie
979,Samuel
980,Lodovica Comello
981,Nesli & Alice Paba
982,Raige e Giulia Luzi
983,Ermal Meta e Fabrizio Moro
984,Lo Stato Sociale
985,Ornella Vanoni con Bungaro e Pacifico
986,Diodato e Roy Paci
987,The Kolors
988,Giovanni Caccamo
989,Enzo Avitabile con Peppe Servillo
990,Red Canzian
991,Roby Facchinetti e Riccardo Fogli
992,Mario Biondi
993,Mahmood
994,Ultimo
995,Irama
996,Achille Lauro
997,Enrico Nigiotti
998,Boomdabash
999,Ghemon
1000,ExeOtago
1001,Motta
1002,The Zen Circus
1003,Federica Carta e Shade
1004,Patty Pravo con Briga
1005,Einar
1006,Nino D'Angelo e Livio Cori
1007,Diodato
1008,Pinguini Tattici Nucleari
1009,Piero Pel 
1010,Rancore
1011,Levante
1012,Anastasio
1013,Alberto Urso
1014,Paolo Jannacci
1015,Giordana Angi
1016,Elettra Lamborghini
1017,Junior Cally
1018,Riki
1019,Bugo e Morgan
1020,M neskin
1021,Francesca Michielin e Fedez
1022,Colapesce Dimartino
1023,Irama[20]
1024,Willie Peyote
1025,Madame
1026,La Rappresentante di Lista
1027,Extraliscio feat. Davide Toffolo
1028,Fulminacci
1029,Fasma
1030,Gaia
1031,Coma_Cose
1032,Gio Evan
1033,Bugo
1034,Aiello
1035,Random
1036,Mahmood e Blanco
1037,Sangiovanni
1038,Dargen D'Amico
1039,Matteo Romano
1040,AKA 7even
1041,Achille Lauro con Harlem Gospel Choir
1042,Ditonellapiaga e Rettore
1043,Rkomi
1044,Giovanni Truppi
1045,Highsnob e Hu
1046,Yuman
1047,Ana Mena
1048,Tananai
1049,Lazza
1050,Mr. Rain
1051,Rosa Chemical
1052,Ariete
1053,LDA
1054,Articolo 31
1055,Leo Gassmann
1056,Mara Sattei
1057,Colla Zio
1058,Cugini di Campagna
1059,Gianmaria
1060,Olly
1061,Will
1062,Shari
1063,Sethu
